Entity,Code,Day,Moderna,Oxford/AstraZeneca,Pfizer/BioNTech,Sinovac,Johnson&Johnson
Chile,CHL,2020-12-24,0,0,420,0,0
Chile,CHL,2020-12-25,0,0,5198,0,0
Chile,CHL,2020-12-26,0,0,8338,0,0
Chile,CHL,2020-12-27,0,0,8649,0,0
Chile,CHL,2020-12-28,0,0,8649,0,0
Chile,CHL,2020-12-29,0,0,8649,0,0
Chile,CHL,2020-12-30,0,0,8649,0,0
Chile,CHL,2020-12-31,0,0,8649,0,0
Chile,CHL,2021-01-01,0,0,8649,0,0
Chile,CHL,2021-01-02,0,0,8649,0,0
Chile,CHL,2021-01-03,0,0,8649,0,0
Chile,CHL,2021-01-04,0,0,9054,0,0
Chile,CHL,2021-01-05,0,0,10497,0,0
Chile,CHL,2021-01-06,0,0,10702,0,0
Chile,CHL,2021-01-07,0,0,10702,0,0
Chile,CHL,2021-01-08,0,0,10702,0,0
Chile,CHL,2021-01-09,0,0,10702,0,0
Chile,CHL,2021-01-10,0,0,10702,0,0
Chile,CHL,2021-01-11,0,0,10702,0,0
Chile,CHL,2021-01-12,0,0,10702,0,0
Chile,CHL,2021-01-13,0,0,11732,0,0
Chile,CHL,2021-01-14,0,0,18646,0,0
Chile,CHL,2021-01-15,0,0,22077,0,0
Chile,CHL,2021-01-16,0,0,22167,0,0
Chile,CHL,2021-01-17,0,0,22167,0,0
Chile,CHL,2021-01-18,0,0,33213,0,0
Chile,CHL,2021-01-19,0,0,52570,0,0
Chile,CHL,2021-01-20,0,0,61879,0,0
Chile,CHL,2021-01-21,0,0,64940,0,0
Chile,CHL,2021-01-22,0,0,65352,0,0
Chile,CHL,2021-01-23,0,0,65352,0,0
Chile,CHL,2021-01-24,0,0,65352,0,0
Chile,CHL,2021-01-25,0,0,66772,0,0
Chile,CHL,2021-01-26,0,0,67388,0,0
Chile,CHL,2021-01-27,0,0,67423,0,0
Chile,CHL,2021-01-28,0,0,67423,0,0
Chile,CHL,2021-01-29,0,0,67428,0,0
Chile,CHL,2021-01-30,0,0,67429,0,0
Chile,CHL,2021-01-31,0,0,67429,0,0
Chile,CHL,2021-02-01,0,0,67429,0,0
Chile,CHL,2021-02-02,0,0,67435,13182,0
Chile,CHL,2021-02-03,0,0,67435,183553,0
Chile,CHL,2021-02-04,0,0,69563,357557,0
Chile,CHL,2021-02-05,0,0,70251,526213,0
Chile,CHL,2021-02-06,0,0,70256,554063,0
Chile,CHL,2021-02-07,0,0,70257,562699,0
Chile,CHL,2021-02-08,0,0,82050,784144,0
Chile,CHL,2021-02-09,0,0,101505,1026508,0
Chile,CHL,2021-02-10,0,0,109940,1298920,0
Chile,CHL,2021-02-11,0,0,113009,1549962,0
Chile,CHL,2021-02-12,0,0,113364,1779044,0
Chile,CHL,2021-02-13,0,0,113398,1808551,0
Chile,CHL,2021-02-14,0,0,113398,1813017,0
Chile,CHL,2021-02-15,0,0,113399,2078849,0
Chile,CHL,2021-02-16,0,0,113409,2298823,0
Chile,CHL,2021-02-17,0,0,113409,2486864,0
Chile,CHL,2021-02-18,0,0,113410,2642108,0
Chile,CHL,2021-02-19,0,0,113410,2784222,0
Chile,CHL,2021-02-20,0,0,113410,2793861,0
Chile,CHL,2021-02-21,0,0,113410,2795025,0
Chile,CHL,2021-02-22,0,0,125505,2891056,0
Chile,CHL,2021-02-23,0,0,150351,2960461,0
Chile,CHL,2021-02-24,0,0,178869,3018206,0
Chile,CHL,2021-02-25,0,0,212581,3070563,0
Chile,CHL,2021-02-26,0,0,242315,3119059,0
Chile,CHL,2021-02-27,0,0,248640,3122777,0
Chile,CHL,2021-02-28,0,0,248642,3123130,0
Chile,CHL,2021-03-01,0,0,263542,3245771,0
Chile,CHL,2021-03-02,0,0,294464,3386204,0
Chile,CHL,2021-03-03,0,0,313021,3679473,0
Chile,CHL,2021-03-04,0,0,322124,3980837,0
Chile,CHL,2021-03-05,0,0,327877,4272782,0
Chile,CHL,2021-03-06,0,0,328221,4306205,0
Chile,CHL,2021-03-07,0,0,328327,4314057,0
Chile,CHL,2021-03-08,0,0,340918,4651939,0
Chile,CHL,2021-03-09,0,0,378508,4990761,0
Chile,CHL,2021-03-10,0,0,420127,5350321,0
Chile,CHL,2021-03-11,0,0,465870,5721391,0
Chile,CHL,2021-03-12,0,0,483277,6078180,0
Chile,CHL,2021-03-13,0,0,483831,6128047,0
Chile,CHL,2021-03-14,0,0,483831,6134628,0
Chile,CHL,2021-03-15,0,0,507726,6540843,0
Chile,CHL,2021-03-16,0,0,561241,6897275,0
Chile,CHL,2021-03-17,0,0,616755,7208918,0
Chile,CHL,2021-03-18,0,0,666314,7494137,0
Chile,CHL,2021-03-19,0,0,689479,7765457,0
Chile,CHL,2021-03-20,0,0,691397,7797736,0
Chile,CHL,2021-03-21,0,0,691407,7801756,0
Chile,CHL,2021-03-22,0,0,727474,8034277,0
Chile,CHL,2021-03-23,0,0,787382,8215082,0
Chile,CHL,2021-03-24,0,0,840276,8381169,0
Chile,CHL,2021-03-25,0,0,894869,8539171,0
Chile,CHL,2021-03-26,0,0,933273,8718179,0
Chile,CHL,2021-03-27,0,0,935307,8731790,0
Chile,CHL,2021-03-28,0,0,935307,8733180,0
Chile,CHL,2021-03-29,0,0,957334,8977716,0
Chile,CHL,2021-03-30,0,0,1014805,9198693,0
Chile,CHL,2021-03-31,0,0,1060942,9432470,0
Chile,CHL,2021-04-01,0,0,1084704,9711522,0
Chile,CHL,2021-04-02,0,0,1084923,9718311,0
Chile,CHL,2021-04-03,0,0,1085113,9721328,0
Chile,CHL,2021-04-04,0,0,1085113,9722440,0
Chile,CHL,2021-04-05,0,0,1116180,9975672,0
Chile,CHL,2021-04-06,0,0,1198850,10132428,0
Chile,CHL,2021-04-07,0,0,1288001,10276214,0
Chile,CHL,2021-04-08,0,0,1366131,10437234,0
Chile,CHL,2021-04-09,0,0,1415205,10606625,0
Chile,CHL,2021-04-10,0,0,1422925,10624787,0
Chile,CHL,2021-04-11,0,0,1423430,10626732,0
Chile,CHL,2021-04-12,0,0,1488116,10798571,0
Chile,CHL,2021-04-13,0,0,1576177,10945217,0
Chile,CHL,2021-04-14,0,0,1665540,11084857,0
Chile,CHL,2021-04-15,0,0,1733333,11223692,0
Chile,CHL,2021-04-16,0,0,1783943,11366744,0
Chile,CHL,2021-04-17,0,0,1789866,11383126,0
Chile,CHL,2021-04-18,0,0,1790540,11385083,0
Chile,CHL,2021-04-19,0,0,1814581,11555531,0
Chile,CHL,2021-04-20,0,0,1858785,11699978,0
Chile,CHL,2021-04-21,0,0,1904794,11830838,0
Chile,CHL,2021-04-22,0,0,1951502,11983743,0
Chile,CHL,2021-04-23,0,0,1980449,12137812,0
Chile,CHL,2021-04-24,0,0,1982839,12153050,0
Chile,CHL,2021-04-25,0,0,1982840,12154081,0
Chile,CHL,2021-04-26,0,0,2028115,12304566,0
Chile,CHL,2021-04-27,0,0,2090093,12406713,0
Czechia,CZE,2020-12-27,0,0,1250,0,0
Czechia,CZE,2020-12-28,0,0,3545,0,0
Czechia,CZE,2020-12-29,0,0,6989,0,0
Czechia,CZE,2020-12-30,0,0,10463,0,0
Czechia,CZE,2020-12-31,0,0,11769,0,0
Czechia,CZE,2021-01-01,0,0,12029,0,0
Czechia,CZE,2021-01-02,0,0,13295,0,0
Czechia,CZE,2021-01-03,0,0,14209,0,0
Czechia,CZE,2021-01-04,0,0,17774,0,0
Czechia,CZE,2021-01-05,0,0,22268,0,0
Czechia,CZE,2021-01-06,0,0,28084,0,0
Czechia,CZE,2021-01-07,0,0,36022,0,0
Czechia,CZE,2021-01-08,0,0,45946,0,0
Czechia,CZE,2021-01-09,0,0,47957,0,0
Czechia,CZE,2021-01-10,0,0,49681,0,0
Czechia,CZE,2021-01-11,0,0,59464,0,0
Czechia,CZE,2021-01-12,0,0,72814,0,0
Czechia,CZE,2021-01-13,0,0,86281,0,0
Czechia,CZE,2021-01-14,1224,0,100214,0,0
Czechia,CZE,2021-01-15,1980,0,113376,0,0
Czechia,CZE,2021-01-16,2307,0,116422,0,0
Czechia,CZE,2021-01-17,2396,0,119559,0,0
Czechia,CZE,2021-01-18,2573,0,133561,0,0
Czechia,CZE,2021-01-19,3347,0,147985,0,0
Czechia,CZE,2021-01-20,4923,0,162569,0,0
Czechia,CZE,2021-01-21,5879,0,178869,0,0
Czechia,CZE,2021-01-22,6074,0,194436,0,0
Czechia,CZE,2021-01-23,6114,0,198534,0,0
Czechia,CZE,2021-01-24,6238,0,201513,0,0
Czechia,CZE,2021-01-25,6435,0,213855,0,0
Czechia,CZE,2021-01-26,6708,0,228029,0,0
Czechia,CZE,2021-01-27,7008,0,241192,0,0
Czechia,CZE,2021-01-28,7127,0,254180,0,0
Czechia,CZE,2021-01-29,7278,0,267993,0,0
Czechia,CZE,2021-01-30,7280,0,269789,0,0
Czechia,CZE,2021-01-31,7280,0,271632,0,0
Czechia,CZE,2021-02-01,7534,0,283182,0,0
Czechia,CZE,2021-02-02,7861,0,297125,0,0
Czechia,CZE,2021-02-03,8587,0,311718,0,0
Czechia,CZE,2021-02-04,9722,0,328345,0,0
Czechia,CZE,2021-02-05,10907,0,343187,0,0
Czechia,CZE,2021-02-06,11165,0,346095,0,0
Czechia,CZE,2021-02-07,11428,0,349145,0,0
Czechia,CZE,2021-02-08,12332,0,363569,0,0
Czechia,CZE,2021-02-09,13964,0,378804,0,0
Czechia,CZE,2021-02-10,15705,0,395662,0,0
Czechia,CZE,2021-02-11,19069,230,414395,0,0
Czechia,CZE,2021-02-12,21321,625,433054,0,0
Czechia,CZE,2021-02-13,21804,1046,436675,0,0
Czechia,CZE,2021-02-14,22052,1248,438578,0,0
Czechia,CZE,2021-02-15,23444,1970,452095,0,0
Czechia,CZE,2021-02-16,25909,3084,466103,0,0
Czechia,CZE,2021-02-17,28574,5106,479235,0,0
Czechia,CZE,2021-02-18,30920,7064,495139,0,0
Czechia,CZE,2021-02-19,32301,8759,511014,0,0
Czechia,CZE,2021-02-20,32304,9385,513461,0,0
Czechia,CZE,2021-02-21,32401,9574,515200,0,0
Czechia,CZE,2021-02-22,33398,11177,528635,0,0
Czechia,CZE,2021-02-23,34179,13860,544866,0,0
Czechia,CZE,2021-02-24,35504,16773,560371,0,0
Czechia,CZE,2021-02-25,36680,21065,578256,0,0
Czechia,CZE,2021-02-26,37513,24352,595455,0,0
Czechia,CZE,2021-02-27,37684,24964,598147,0,0
Czechia,CZE,2021-02-28,37877,25426,600359,0,0
Czechia,CZE,2021-03-01,39471,29339,617496,0,0
Czechia,CZE,2021-03-02,41329,38438,636832,0,0
Czechia,CZE,2021-03-03,45031,47886,658473,0,0
Czechia,CZE,2021-03-04,49731,56970,682098,0,0
Czechia,CZE,2021-03-05,53306,65126,704128,0,0
Czechia,CZE,2021-03-06,54699,69493,711148,0,0
Czechia,CZE,2021-03-07,55975,73645,717894,0,0
Czechia,CZE,2021-03-08,59044,81396,741297,0,0
Czechia,CZE,2021-03-09,64316,92317,767268,0,0
Czechia,CZE,2021-03-10,69269,102959,799401,0,0
Czechia,CZE,2021-03-11,73531,114483,836249,0,0
Czechia,CZE,2021-03-12,78914,126508,865496,0,0
Czechia,CZE,2021-03-13,80179,129463,879474,0,0
Czechia,CZE,2021-03-14,81312,130365,890585,0,0
Czechia,CZE,2021-03-15,88070,138308,912608,0,0
Czechia,CZE,2021-03-16,97211,146835,943839,0,0
Czechia,CZE,2021-03-17,104921,155674,974840,0,0
Czechia,CZE,2021-03-18,112037,164720,1008468,0,0
Czechia,CZE,2021-03-19,118071,173284,1041304,0,0
Czechia,CZE,2021-03-20,119207,175658,1054746,0,0
Czechia,CZE,2021-03-21,119517,176111,1062837,0,0
Czechia,CZE,2021-03-22,123782,182835,1088239,0,0
Czechia,CZE,2021-03-23,127619,190304,1116343,0,0
Czechia,CZE,2021-03-24,131759,197870,1146681,0,0
Czechia,CZE,2021-03-25,135793,205236,1179041,0,0
Czechia,CZE,2021-03-26,138315,210774,1212787,0,0
Czechia,CZE,2021-03-27,139551,211606,1223795,0,0
Czechia,CZE,2021-03-28,141103,211699,1231713,0,0
Czechia,CZE,2021-03-29,147036,215373,1261325,0,0
Czechia,CZE,2021-03-30,155806,220621,1293653,0,0
Czechia,CZE,2021-03-31,166700,225496,1327386,0,0
Czechia,CZE,2021-04-01,177196,229855,1369340,0,0
Czechia,CZE,2021-04-02,179719,230357,1385674,0,0
Czechia,CZE,2021-04-03,181404,230534,1398117,0,0
Czechia,CZE,2021-04-04,182599,230535,1408091,0,0
Czechia,CZE,2021-04-05,183976,230600,1416045,0,0
Czechia,CZE,2021-04-06,192334,233486,1449626,0,0
Czechia,CZE,2021-04-07,200623,241322,1478440,0,0
Czechia,CZE,2021-04-08,206740,252327,1529652,0,0
Czechia,CZE,2021-04-09,214173,263171,1579296,0,0
Czechia,CZE,2021-04-10,215689,266631,1604664,0,0
Czechia,CZE,2021-04-11,216823,267121,1622641,0,0
Czechia,CZE,2021-04-12,225239,275602,1667661,0,0
Czechia,CZE,2021-04-13,235708,284702,1709083,0,0
Czechia,CZE,2021-04-14,246014,294497,1754245,0,0
Czechia,CZE,2021-04-15,255280,303389,1808552,0,0
Czechia,CZE,2021-04-16,265105,309904,1861599,0,0
Czechia,CZE,2021-04-17,267462,310511,1884010,0,0
Czechia,CZE,2021-04-18,268336,310652,1900798,0,0
Czechia,CZE,2021-04-19,275194,315938,1947190,0,0
Czechia,CZE,2021-04-20,281880,322398,1991301,0,0
Czechia,CZE,2021-04-21,287193,329639,2039738,0,0
Czechia,CZE,2021-04-22,292997,337356,2096903,0,28
Czechia,CZE,2021-04-23,296801,343278,2147511,0,248
Czechia,CZE,2021-04-24,297616,343939,2168705,0,260
Czechia,CZE,2021-04-25,299073,344112,2185434,0,276
Czechia,CZE,2021-04-26,302882,349385,2230905,0,816
Czechia,CZE,2021-04-27,308804,355601,2276136,0,1744
Czechia,CZE,2021-04-28,316791,361594,2327418,0,3150
France,FRA,2020-12-27,0,0,18,0,0
France,FRA,2020-12-28,0,0,78,0,0
France,FRA,2020-12-29,0,0,185,0,0
France,FRA,2020-12-30,0,0,300,0,0
France,FRA,2020-12-31,0,0,383,0,0
France,FRA,2021-01-01,0,0,438,0,0
France,FRA,2021-01-02,0,0,510,0,0
France,FRA,2021-01-03,0,0,597,0,0
France,FRA,2021-01-04,0,0,2059,0,0
France,FRA,2021-01-05,0,0,7411,0,0
France,FRA,2021-01-06,0,0,18661,0,0
France,FRA,2021-01-07,0,0,47113,0,0
France,FRA,2021-01-08,0,0,82996,0,0
France,FRA,2021-01-09,0,0,93861,0,0
France,FRA,2021-01-10,0,0,99460,0,0
France,FRA,2021-01-11,0,0,138173,0,0
France,FRA,2021-01-12,0,0,198489,0,0
France,FRA,2021-01-13,0,0,261861,0,0
France,FRA,2021-01-14,140,0,341177,0,0
France,FRA,2021-01-15,358,0,407893,0,0
France,FRA,2021-01-16,543,0,428133,0,0
France,FRA,2021-01-17,546,0,438616,0,0
France,FRA,2021-01-18,3446,0,519994,0,0
France,FRA,2021-01-19,7926,0,643526,0,0
France,FRA,2021-01-20,12829,0,773320,0,0
France,FRA,2021-01-21,17889,0,922961,0,0
France,FRA,2021-01-22,22743,0,1036213,0,0
France,FRA,2021-01-23,24469,0,1072283,0,0
France,FRA,2021-01-24,24550,0,1081621,0,0
France,FRA,2021-01-25,28178,0,1156057,0,0
France,FRA,2021-01-26,31865,0,1254591,0,0
France,FRA,2021-01-27,35266,0,1363311,0,0
France,FRA,2021-01-28,38745,0,1499135,0,0
France,FRA,2021-01-29,41816,0,1606284,0,0
France,FRA,2021-01-30,42870,0,1638484,0,0
France,FRA,2021-01-31,42870,0,1645246,0,0
France,FRA,2021-02-01,46115,0,1717469,0,0
France,FRA,2021-02-02,50415,0,1824081,0,0
France,FRA,2021-02-03,55444,0,1931708,0,0
France,FRA,2021-02-04,60140,0,2065655,0,0
France,FRA,2021-02-05,64695,0,2177302,0,0
France,FRA,2021-02-06,66626,260,2207702,0,0
France,FRA,2021-02-07,66667,1603,2217576,0,0
France,FRA,2021-02-08,74091,4197,2303275,0,0
France,FRA,2021-02-09,82355,10748,2435181,0,0
France,FRA,2021-02-10,91536,19743,2573015,0,0
France,FRA,2021-02-11,101700,32836,2744765,0,0
France,FRA,2021-02-12,111711,45604,2874775,0,0
France,FRA,2021-02-13,114924,49045,2908311,0,0
France,FRA,2021-02-14,115221,49885,2918460,0,0
France,FRA,2021-02-15,121693,59801,3013804,0,0
France,FRA,2021-02-16,130804,71775,3137963,0,0
France,FRA,2021-02-17,139482,82434,3275398,0,0
France,FRA,2021-02-18,149839,96618,3443333,0,0
France,FRA,2021-02-19,159415,110542,3573933,0,0
France,FRA,2021-02-20,162676,113634,3613068,0,0
France,FRA,2021-02-21,162959,114165,3620470,0,0
France,FRA,2021-02-22,170239,122860,3711348,0,0
France,FRA,2021-02-23,178722,133721,3827630,0,0
France,FRA,2021-02-24,186975,147311,3945811,0,0
France,FRA,2021-02-25,195636,190954,4079565,0,0
France,FRA,2021-02-26,202922,251536,4191322,0,0
France,FRA,2021-02-27,205481,285598,4227470,0,0
France,FRA,2021-02-28,205583,287902,4234265,0,0
France,FRA,2021-03-01,214251,307273,4321501,0,0
France,FRA,2021-03-02,225179,344974,4437635,0,0
France,FRA,2021-03-03,236333,391825,4556166,0,0
France,FRA,2021-03-04,248523,471001,4695654,0,0
France,FRA,2021-03-05,260187,586022,4825585,0,0
France,FRA,2021-03-06,266465,702220,4921796,0,0
France,FRA,2021-03-07,268767,755879,4987045,0,0
France,FRA,2021-03-08,281078,797166,5084012,0,0
France,FRA,2021-03-09,296882,873919,5213430,0,0
France,FRA,2021-03-10,312886,952458,5348418,0,0
France,FRA,2021-03-11,331225,1077807,5504610,0,0
France,FRA,2021-03-12,347168,1256739,5649895,0,0
France,FRA,2021-03-13,359577,1385775,5749416,0,0
France,FRA,2021-03-14,364671,1399343,5795116,0,0
France,FRA,2021-03-15,378696,1449939,5914498,0,0
France,FRA,2021-03-16,399813,1450776,6068332,0,0
France,FRA,2021-03-17,423541,1451330,6227129,0,0
France,FRA,2021-03-18,451489,1452409,6405062,0,0
France,FRA,2021-03-19,478857,1521160,6569113,0,0
France,FRA,2021-03-20,505574,1585113,6653147,0,0
France,FRA,2021-03-21,523177,1590553,6680231,0,0
France,FRA,2021-03-22,543809,1626911,6821367,0,0
France,FRA,2021-03-23,570367,1709906,6998122,0,0
France,FRA,2021-03-24,598900,1799159,7174530,0,0
France,FRA,2021-03-25,630320,1946652,7375500,0,0
France,FRA,2021-03-26,661005,2109642,7575041,0,0
France,FRA,2021-03-27,678022,2176642,7699785,0,0
France,FRA,2021-03-28,688548,2182753,7746010,0,0
France,FRA,2021-03-29,711387,2235934,7920443,0,0
France,FRA,2021-03-30,741513,2327694,8147177,0,0
France,FRA,2021-03-31,775045,2389895,8381253,0,0
France,FRA,2021-04-01,816785,2474250,8653126,0,0
France,FRA,2021-04-02,853465,2559857,8900781,0,0
France,FRA,2021-04-03,874303,2595054,9044925,0,0
France,FRA,2021-04-04,884771,2598405,9094486,0,0
France,FRA,2021-04-05,897535,2602608,9145591,0,0
France,FRA,2021-04-06,931147,2631437,9403180,0,0
France,FRA,2021-04-07,968268,2662918,9700048,0,0
France,FRA,2021-04-08,1012652,2740398,10026999,0,0
France,FRA,2021-04-09,1053891,2900045,10340751,0,0
France,FRA,2021-04-10,1082566,2974535,10528249,0,0
France,FRA,2021-04-11,1094565,2981567,10597322,0,0
France,FRA,2021-04-12,1121989,3032092,10863730,0,0
France,FRA,2021-04-13,1156640,3117139,11185604,0,0
France,FRA,2021-04-14,1190507,3183714,11507839,0,0
France,FRA,2021-04-15,1232864,3275300,11846976,0,0
France,FRA,2021-04-16,1272646,3386215,12169256,0,0
France,FRA,2021-04-17,1307947,3438472,12354846,0,0
France,FRA,2021-04-18,1328043,3447892,12410342,0,0
France,FRA,2021-04-19,1360536,3472436,12688527,0,0
France,FRA,2021-04-20,1401072,3517427,13017838,0,0
France,FRA,2021-04-21,1440816,3555693,13349975,0,0
France,FRA,2021-04-22,1488349,3609665,13711439,0,0
France,FRA,2021-04-23,1537454,3679350,14053817,0,406
France,FRA,2021-04-24,1576969,3716468,14271026,0,1953
France,FRA,2021-04-25,1594852,3722472,14351858,0,2065
France,FRA,2021-04-26,1628368,3741849,14658978,0,4826
France,FRA,2021-04-27,1670017,3775969,15026446,0,14010
Germany,DEU,2020-12-27,0,0,24470,0,0
Germany,DEU,2020-12-28,0,0,42811,0,0
Germany,DEU,2020-12-29,0,0,92147,0,0
Germany,DEU,2020-12-30,0,0,154498,0,0
Germany,DEU,2020-12-31,0,0,204544,0,0
Germany,DEU,2021-01-01,0,1,223815,0,0
Germany,DEU,2021-01-02,0,1,276855,0,0
Germany,DEU,2021-01-03,0,1,301062,0,0
Germany,DEU,2021-01-04,0,1,349452,0,0
Germany,DEU,2021-01-05,1,1,403511,0,0
Germany,DEU,2021-01-06,7,3,466362,0,0
Germany,DEU,2021-01-07,11,3,522092,0,0
Germany,DEU,2021-01-08,59,3,585533,0,0
Germany,DEU,2021-01-09,59,3,646899,0,0
Germany,DEU,2021-01-10,59,3,682171,0,0
Germany,DEU,2021-01-11,60,3,749389,0,0
Germany,DEU,2021-01-12,60,5,831802,0,0
Germany,DEU,2021-01-13,857,5,942581,0,0
Germany,DEU,2021-01-14,5485,5,1020668,0,0
Germany,DEU,2021-01-15,10923,24,1106612,0,0
Germany,DEU,2021-01-16,12695,24,1162298,0,0
Germany,DEU,2021-01-17,14000,25,1209363,0,0
Germany,DEU,2021-01-18,18035,26,1287474,0,0
Germany,DEU,2021-01-19,21505,76,1399058,0,0
Germany,DEU,2021-01-20,24256,80,1528086,0,0
Germany,DEU,2021-01-21,26968,80,1630325,0,0
Germany,DEU,2021-01-22,29011,92,1730556,0,0
Germany,DEU,2021-01-23,29394,93,1815730,0,0
Germany,DEU,2021-01-24,29638,97,1865421,0,0
Germany,DEU,2021-01-25,31360,99,1957825,0,0
Germany,DEU,2021-01-26,33012,105,2055237,0,0
Germany,DEU,2021-01-27,34969,113,2164345,0,0
Germany,DEU,2021-01-28,36604,114,2254177,0,0
Germany,DEU,2021-01-29,38009,179,2361057,0,0
Germany,DEU,2021-01-30,38883,180,2447909,0,0
Germany,DEU,2021-01-31,39259,180,2505560,0,0
Germany,DEU,2021-02-01,41470,237,2625139,0,0
Germany,DEU,2021-02-02,44338,251,2752799,0,0
Germany,DEU,2021-02-03,50727,271,2906083,0,0
Germany,DEU,2021-02-04,56602,277,3032033,0,0
Germany,DEU,2021-02-05,63000,284,3170724,0,0
Germany,DEU,2021-02-06,65466,285,3268180,0,0
Germany,DEU,2021-02-07,67815,287,3320085,0,0
Germany,DEU,2021-02-08,71674,311,3426341,0,0
Germany,DEU,2021-02-09,75557,421,3555371,0,0
Germany,DEU,2021-02-10,79422,7460,3693930,0,0
Germany,DEU,2021-02-11,86714,22913,3813911,0,0
Germany,DEU,2021-02-12,96587,37165,3945511,0,0
Germany,DEU,2021-02-13,99635,50004,4037917,0,0
Germany,DEU,2021-02-14,102037,57354,4093172,0,0
Germany,DEU,2021-02-15,106850,72087,4200504,0,0
Germany,DEU,2021-02-16,112522,95609,4306668,0,0
Germany,DEU,2021-02-17,120473,115373,4429091,0,0
Germany,DEU,2021-02-18,128409,139799,4539992,0,0
Germany,DEU,2021-02-19,138209,165006,4658167,0,0
Germany,DEU,2021-02-20,142679,186633,4746334,0,0
Germany,DEU,2021-02-21,145907,201938,4813621,0,0
Germany,DEU,2021-02-22,155005,226960,4939905,0,0
Germany,DEU,2021-02-23,162162,254353,5072188,0,0
Germany,DEU,2021-02-24,169898,289678,5204485,0,0
Germany,DEU,2021-02-25,176544,340884,5335315,0,0
Germany,DEU,2021-02-26,185261,401306,5475059,0,0
Germany,DEU,2021-02-27,189452,452814,5567966,0,0
Germany,DEU,2021-02-28,193408,494580,5630375,0,0
Germany,DEU,2021-03-01,202860,551973,5758885,0,0
Germany,DEU,2021-03-02,212975,620866,5899404,0,0
Germany,DEU,2021-03-03,226762,693669,6056159,0,0
Germany,DEU,2021-03-04,240739,779999,6198497,0,0
Germany,DEU,2021-03-05,254060,888151,6345584,0,0
Germany,DEU,2021-03-06,262656,971199,6456316,0,0
Germany,DEU,2021-03-07,269393,1032327,6538687,0,0
Germany,DEU,2021-03-08,280391,1124495,6674241,0,0
Germany,DEU,2021-03-09,293122,1221709,6814370,0,0
Germany,DEU,2021-03-10,304546,1335941,6971978,0,0
Germany,DEU,2021-03-11,317769,1454985,7121011,0,0
Germany,DEU,2021-03-12,335292,1607807,7273669,0,0
Germany,DEU,2021-03-13,345031,1729637,7388287,0,0
Germany,DEU,2021-03-14,350177,1806005,7477742,0,0
Germany,DEU,2021-03-15,362553,1889406,7630087,0,0
Germany,DEU,2021-03-16,373587,1891313,7796161,0,0
Germany,DEU,2021-03-17,391536,1892712,7981751,0,0
Germany,DEU,2021-03-18,409703,1894284,8156642,0,0
Germany,DEU,2021-03-19,430040,1932900,8340899,0,0
Germany,DEU,2021-03-20,445283,2001301,8477323,0,0
Germany,DEU,2021-03-21,454492,2053552,8581926,0,0
Germany,DEU,2021-03-22,478131,2130396,8747447,0,0
Germany,DEU,2021-03-23,497838,2227624,8927524,0,0
Germany,DEU,2021-03-24,530468,2331011,9124405,0,0
Germany,DEU,2021-03-25,557200,2452363,9312517,0,0
Germany,DEU,2021-03-26,592760,2588344,9513783,0,0
Germany,DEU,2021-03-27,620120,2695185,9665392,0,0
Germany,DEU,2021-03-28,638646,2755216,9782877,0,0
Germany,DEU,2021-03-29,664339,2850054,9969969,0,0
Germany,DEU,2021-03-30,690404,2936092,10185034,0,0
Germany,DEU,2021-03-31,728237,2989758,10433773,0,0
Germany,DEU,2021-04-01,760208,3044941,10668435,0,0
Germany,DEU,2021-04-02,776727,3076830,10849615,0,0
Germany,DEU,2021-04-03,793798,3118079,11022955,0,0
Germany,DEU,2021-04-04,804913,3167725,11158264,0,0
Germany,DEU,2021-04-05,822832,3231157,11326309,0,0
Germany,DEU,2021-04-06,855991,3318251,11583826,0,0
Germany,DEU,2021-04-07,891657,3417877,12124668,0,0
Germany,DEU,2021-04-08,926780,3541876,12696000,0,0
Germany,DEU,2021-04-09,962233,3642074,13182004,0,0
Germany,DEU,2021-04-10,985427,3741604,13426840,0,0
Germany,DEU,2021-04-11,1003465,3816327,13593838,0,0
Germany,DEU,2021-04-12,1031928,3924428,13871904,0,0
Germany,DEU,2021-04-13,1058504,4039729,14300027,0,0
Germany,DEU,2021-04-14,1091609,4162841,14916084,0,0
Germany,DEU,2021-04-15,1127654,4272735,15445912,0,0
Germany,DEU,2021-04-16,1158290,4397162,15882092,0,0
Germany,DEU,2021-04-17,1180175,4513077,16103819,0,0
Germany,DEU,2021-04-18,1194394,4593387,16273988,0,0
Germany,DEU,2021-04-19,1225915,4670600,16562634,0,0
Germany,DEU,2021-04-20,1263641,4809401,16938549,0,0
Germany,DEU,2021-04-21,1302396,5033282,17385278,0,0
Germany,DEU,2021-04-22,1341652,5244686,17760564,0,0
Germany,DEU,2021-04-23,1381343,5401523,18103298,0,0
Germany,DEU,2021-04-24,1429178,5481353,18334761,0,0
Germany,DEU,2021-04-25,1461309,5541713,18518108,0,0
Germany,DEU,2021-04-26,1499469,5610705,18823733,0,0
Germany,DEU,2021-04-27,1544639,5665016,19504721,0,0
Germany,DEU,2021-04-28,1592535,5716115,20494118,0,0
Iceland,ISL,2020-12-29,0,0,2525,0,0
Iceland,ISL,2020-12-30,0,0,4941,0,0
Iceland,ISL,2020-12-31,0,0,4941,0,0
Iceland,ISL,2021-01-01,0,0,4941,0,0
Iceland,ISL,2021-01-02,0,0,4941,0,0
Iceland,ISL,2021-01-03,0,0,4941,0,0
Iceland,ISL,2021-01-04,0,0,4941,0,0
Iceland,ISL,2021-01-05,0,0,4948,0,0
Iceland,ISL,2021-01-06,0,0,4948,0,0
Iceland,ISL,2021-01-07,0,0,4948,0,0
Iceland,ISL,2021-01-08,0,0,4948,0,0
Iceland,ISL,2021-01-09,0,0,4948,0,0
Iceland,ISL,2021-01-10,0,0,4948,0,0
Iceland,ISL,2021-01-11,0,0,4948,0,0
Iceland,ISL,2021-01-12,0,0,4948,0,0
Iceland,ISL,2021-01-13,501,0,4948,0,0
Iceland,ISL,2021-01-14,843,0,4948,0,0
Iceland,ISL,2021-01-15,1262,0,4948,0,0
Iceland,ISL,2021-01-16,1262,0,4948,0,0
Iceland,ISL,2021-01-17,1262,0,4948,0,0
Iceland,ISL,2021-01-18,1263,0,4978,0,0
Iceland,ISL,2021-01-19,1263,0,6072,0,0
Iceland,ISL,2021-01-20,1263,0,7834,0,0
Iceland,ISL,2021-01-21,1263,1,11610,0,0
Iceland,ISL,2021-01-22,1263,1,13501,0,0
Iceland,ISL,2021-01-23,1263,1,14050,0,0
Iceland,ISL,2021-01-24,1263,1,14050,0,0
Iceland,ISL,2021-01-25,1263,2,14206,0,0
Iceland,ISL,2021-01-26,1263,2,14313,0,0
Iceland,ISL,2021-01-27,1263,2,14326,0,0
Iceland,ISL,2021-01-28,1263,2,14326,0,0
Iceland,ISL,2021-01-29,1263,2,14327,0,0
Iceland,ISL,2021-01-30,1263,2,14327,0,0
Iceland,ISL,2021-01-31,1263,2,14327,0,0
Iceland,ISL,2021-02-01,1263,2,14764,0,0
Iceland,ISL,2021-02-02,1264,2,15775,0,0
Iceland,ISL,2021-02-03,1264,2,16304,0,0
Iceland,ISL,2021-02-04,1264,2,16343,0,0
Iceland,ISL,2021-02-05,1264,2,16367,0,0
Iceland,ISL,2021-02-06,1264,2,16486,0,0
Iceland,ISL,2021-02-07,1264,2,16486,0,0
Iceland,ISL,2021-02-08,1264,2,16486,0,0
Iceland,ISL,2021-02-09,1264,2,16486,0,0
Iceland,ISL,2021-02-10,1814,2,16487,0,0
Iceland,ISL,2021-02-11,1990,1210,16487,0,0
Iceland,ISL,2021-02-12,2198,1210,16501,0,0
Iceland,ISL,2021-02-13,2198,1210,16501,0,0
Iceland,ISL,2021-02-14,2198,1210,16501,0,0
Iceland,ISL,2021-02-15,2385,1210,16501,0,0
Iceland,ISL,2021-02-16,2584,1254,17796,0,0
Iceland,ISL,2021-02-17,3233,1517,20223,0,0
Iceland,ISL,2021-02-18,3574,1596,20670,0,0
Iceland,ISL,2021-02-19,3904,2720,20854,0,0
Iceland,ISL,2021-02-20,3904,2720,21204,0,0
Iceland,ISL,2021-02-21,3904,2720,21204,0,0
Iceland,ISL,2021-02-22,3904,2837,21230,0,0
Iceland,ISL,2021-02-23,3904,3157,22601,0,0
Iceland,ISL,2021-02-24,3904,3727,23912,0,0
Iceland,ISL,2021-02-25,3904,3937,24429,0,0
Iceland,ISL,2021-02-26,3904,5158,24588,0,0
Iceland,ISL,2021-02-27,3904,5158,24747,0,0
Iceland,ISL,2021-02-28,3904,5158,24747,0,0
Iceland,ISL,2021-03-01,3904,5254,24747,0,0
Iceland,ISL,2021-03-02,3905,5380,27104,0,0
Iceland,ISL,2021-03-03,3905,5492,29857,0,0
Iceland,ISL,2021-03-04,3906,5857,30038,0,0
Iceland,ISL,2021-03-05,3906,8149,30038,0,0
Iceland,ISL,2021-03-06,3906,8149,30038,0,0
Iceland,ISL,2021-03-07,3906,8149,30038,0,0
Iceland,ISL,2021-03-08,3906,8152,30039,0,0
Iceland,ISL,2021-03-09,3906,8292,32714,0,0
Iceland,ISL,2021-03-10,3906,8897,33299,0,0
Iceland,ISL,2021-03-11,3906,9282,33723,0,0
Iceland,ISL,2021-03-12,3906,9282,33917,0,0
Iceland,ISL,2021-03-13,3906,9282,33917,0,0
Iceland,ISL,2021-03-14,3906,9282,33917,0,0
Iceland,ISL,2021-03-15,3906,9282,33936,0,0
Iceland,ISL,2021-03-16,3906,9282,37169,0,0
Iceland,ISL,2021-03-17,4343,9282,37696,0,0
Iceland,ISL,2021-03-18,4623,9282,38735,0,0
Iceland,ISL,2021-03-19,4848,9282,38921,0,0
Iceland,ISL,2021-03-20,4848,9282,38921,0,0
Iceland,ISL,2021-03-21,4848,9282,38922,0,0
Iceland,ISL,2021-03-22,5075,9282,40545,0,0
Iceland,ISL,2021-03-23,5288,9291,43490,0,0
Iceland,ISL,2021-03-24,6715,9291,43932,0,0
Iceland,ISL,2021-03-25,6715,9324,44374,0,0
Iceland,ISL,2021-03-26,6716,13966,44805,0,0
Iceland,ISL,2021-03-27,6716,13966,45190,0,0
Iceland,ISL,2021-03-28,6716,13966,45522,0,0
Iceland,ISL,2021-03-29,6716,14978,46382,0,0
Iceland,ISL,2021-03-30,6716,16439,49883,0,0
Iceland,ISL,2021-03-31,6716,17234,50718,0,0
Iceland,ISL,2021-04-01,6716,17234,50719,0,0
Iceland,ISL,2021-04-02,6716,17234,50719,0,0
Iceland,ISL,2021-04-03,6716,17234,50719,0,0
Iceland,ISL,2021-04-04,6716,17234,50719,0,0
Iceland,ISL,2021-04-05,6716,17234,50719,0,0
Iceland,ISL,2021-04-06,6716,17235,50719,0,0
Iceland,ISL,2021-04-07,6716,18057,55011,0,0
Iceland,ISL,2021-04-08,6716,22360,57349,0,0
Iceland,ISL,2021-04-09,8154,22730,57844,0,0
Iceland,ISL,2021-04-10,8154,23243,57863,0,0
Iceland,ISL,2021-04-11,8154,23243,57863,0,0
Iceland,ISL,2021-04-12,8154,23265,57863,0,0
Iceland,ISL,2021-04-13,8154,23285,64043,0,0
Iceland,ISL,2021-04-14,8154,23815,65518,0,0
Iceland,ISL,2021-04-15,8154,23930,66655,0,0
Iceland,ISL,2021-04-16,8154,23932,67484,0,0
Iceland,ISL,2021-04-17,8154,23932,67833,0,0
Iceland,ISL,2021-04-18,8154,23932,68152,0,0
Iceland,ISL,2021-04-19,8154,23932,68610,0,0
Iceland,ISL,2021-04-20,8165,23932,75305,0,0
Iceland,ISL,2021-04-21,12467,23989,76950,0,0
Iceland,ISL,2021-04-22,12467,23989,76950,0,0
Iceland,ISL,2021-04-23,12467,23990,77396,0,0
Iceland,ISL,2021-04-24,12467,23990,77411,0,0
Iceland,ISL,2021-04-25,12467,23990,77411,0,0
Iceland,ISL,2021-04-26,12467,23990,77411,0,0
Iceland,ISL,2021-04-27,12467,24276,84792,0,0
Iceland,ISL,2021-04-28,12467,33933,86288,0,376
Italy,ITA,2020-12-27,0,0,7175,0,0
Italy,ITA,2020-12-28,0,0,8600,0,0
Italy,ITA,2020-12-29,0,0,9609,0,0
Italy,ITA,2020-12-30,0,0,14337,0,0
Italy,ITA,2020-12-31,0,0,39816,0,0
Italy,ITA,2021-01-01,0,0,50875,0,0
Italy,ITA,2021-01-02,0,0,89398,0,0
Italy,ITA,2021-01-03,0,0,124563,0,0
Italy,ITA,2021-01-04,0,0,193319,0,0
Italy,ITA,2021-01-05,0,0,273039,0,0
Italy,ITA,2021-01-06,0,0,338228,0,0
Italy,ITA,2021-01-07,0,0,430479,0,0
Italy,ITA,2021-01-08,2,0,526099,0,0
Italy,ITA,2021-01-09,2,0,613085,0,0
Italy,ITA,2021-01-10,2,0,673452,0,0
Italy,ITA,2021-01-11,2,0,754423,0,0
Italy,ITA,2021-01-12,2,0,836482,0,0
Italy,ITA,2021-01-13,3,0,930971,0,0
Italy,ITA,2021-01-14,87,0,1024614,0,0
Italy,ITA,2021-01-15,1182,0,1113161,0,0
Italy,ITA,2021-01-16,2093,0,1177186,0,0
Italy,ITA,2021-01-17,2386,0,1213881,0,0
Italy,ITA,2021-01-18,3604,0,1256379,0,0
Italy,ITA,2021-01-19,5695,0,1287118,0,0
Italy,ITA,2021-01-20,8972,0,1314475,0,0
Italy,ITA,2021-01-21,11764,0,1347127,0,0
Italy,ITA,2021-01-22,13500,3,1371906,0,0
Italy,ITA,2021-01-23,14500,3,1409587,0,0
Italy,ITA,2021-01-24,15294,3,1442638,0,0
Italy,ITA,2021-01-25,15892,3,1511028,0,0
Italy,ITA,2021-01-26,16639,3,1590419,0,0
Italy,ITA,2021-01-27,17259,3,1660604,0,0
Italy,ITA,2021-01-28,18033,3,1753316,0,0
Italy,ITA,2021-01-29,18842,3,1850213,0,0
Italy,ITA,2021-01-30,19308,4,1939923,0,0
Italy,ITA,2021-01-31,19505,4,1999247,0,0
Italy,ITA,2021-02-01,20056,5,2084269,0,0
Italy,ITA,2021-02-02,21178,15,2170977,0,0
Italy,ITA,2021-02-03,22582,15,2269121,0,0
Italy,ITA,2021-02-04,24225,15,2374891,0,0
Italy,ITA,2021-02-05,27450,17,2478772,0,0
Italy,ITA,2021-02-06,29540,17,2553608,0,0
Italy,ITA,2021-02-07,30132,18,2594708,0,0
Italy,ITA,2021-02-08,32744,19,2658826,0,0
Italy,ITA,2021-02-09,36091,19,2722092,0,0
Italy,ITA,2021-02-10,38908,20,2791884,0,0
Italy,ITA,2021-02-11,42038,2921,2860403,0,0
Italy,ITA,2021-02-12,46164,7669,2925388,0,0
Italy,ITA,2021-02-13,50048,12922,2968815,0,0
Italy,ITA,2021-02-14,51249,19975,2989954,0,0
Italy,ITA,2021-02-15,55397,26943,3041504,0,0
Italy,ITA,2021-02-16,62076,36198,3096597,0,0
Italy,ITA,2021-02-17,69814,48793,3156138,0,0
Italy,ITA,2021-02-18,76844,66180,3221212,0,0
Italy,ITA,2021-02-19,83816,85232,3287468,0,0
Italy,ITA,2021-02-20,90204,104206,3339954,0,0
Italy,ITA,2021-02-21,95680,114851,3374762,0,0
Italy,ITA,2021-02-22,101738,138152,3450825,0,0
Italy,ITA,2021-02-23,107073,162922,3527147,0,0
Italy,ITA,2021-02-24,113310,190088,3615715,0,0
Italy,ITA,2021-02-25,119523,221624,3706128,0,0
Italy,ITA,2021-02-26,125247,261798,3796564,0,0
Italy,ITA,2021-02-27,132230,306342,3871270,0,0
Italy,ITA,2021-02-28,134924,332740,3920139,0,0
Italy,ITA,2021-03-01,141983,372615,4008511,0,0
Italy,ITA,2021-03-02,149486,428185,4105776,0,0
Italy,ITA,2021-03-03,159450,485072,4224535,0,0
Italy,ITA,2021-03-04,170410,543980,4350291,0,0
Italy,ITA,2021-03-05,182646,607691,4477430,0,0
Italy,ITA,2021-03-06,195790,670310,4577936,0,0
Italy,ITA,2021-03-07,203527,705953,4635537,0,0
Italy,ITA,2021-03-08,215830,762931,4744594,0,0
Italy,ITA,2021-03-09,228167,822376,4863817,0,0
Italy,ITA,2021-03-10,239145,885610,5001295,0,0
Italy,ITA,2021-03-11,251250,953030,5140705,0,0
Italy,ITA,2021-03-12,261089,1022559,5269891,0,0
Italy,ITA,2021-03-13,272172,1088663,5368200,0,0
Italy,ITA,2021-03-14,279088,1128920,5426390,0,0
Italy,ITA,2021-03-15,290099,1175819,5539286,0,0
Italy,ITA,2021-03-16,302229,1176234,5666800,0,0
Italy,ITA,2021-03-17,313545,1176553,5820267,0,0
Italy,ITA,2021-03-18,326470,1176715,5970317,0,0
Italy,ITA,2021-03-19,337637,1194553,6115968,0,0
Italy,ITA,2021-03-20,350067,1243902,6228281,0,0
Italy,ITA,2021-03-21,359548,1287873,6304240,0,0
Italy,ITA,2021-03-22,371527,1355016,6416828,0,0
Italy,ITA,2021-03-23,384986,1430769,6548546,0,0
Italy,ITA,2021-03-24,400510,1503765,6711635,0,0
Italy,ITA,2021-03-25,418587,1581208,6880103,0,0
Italy,ITA,2021-03-26,437629,1659954,7047934,0,0
Italy,ITA,2021-03-27,466311,1726657,7190994,0,0
Italy,ITA,2021-03-28,483432,1781603,7280708,0,0
Italy,ITA,2021-03-29,507872,1850776,7425882,0,0
Italy,ITA,2021-03-30,536638,1921640,7590214,0,0
Italy,ITA,2021-03-31,559832,1989358,7799942,0,0
Italy,ITA,2021-04-01,584700,2041641,8004893,0,0
Italy,ITA,2021-04-02,614894,2105855,8189085,0,0
Italy,ITA,2021-04-03,650730,2152473,8334443,0,0
Italy,ITA,2021-04-04,662875,2190567,8380270,0,0
Italy,ITA,2021-04-05,682945,2249303,8471520,0,0
Italy,ITA,2021-04-06,722322,2332174,8630000,0,5
Italy,ITA,2021-04-07,751695,2411518,8841035,0,5
Italy,ITA,2021-04-08,785000,2466940,9082958,0,5
Italy,ITA,2021-04-09,819879,2518489,9327731,0,5
Italy,ITA,2021-04-10,859514,2578634,9545489,0,5
Italy,ITA,2021-04-11,877293,2615834,9691290,0,5
Italy,ITA,2021-04-12,901544,2694096,9853488,0,5
Italy,ITA,2021-04-13,928945,2789398,10016566,0,5
Italy,ITA,2021-04-14,955698,2889421,10207203,0,5
Italy,ITA,2021-04-15,980344,2979118,10439901,0,5
Italy,ITA,2021-04-16,1001366,3085909,10687985,0,5
Italy,ITA,2021-04-17,1022498,3194103,10912689,0,5
Italy,ITA,2021-04-18,1035357,3266879,11067549,0,5
Italy,ITA,2021-04-19,1052262,3362254,11263126,0,5
Italy,ITA,2021-04-20,1075537,3458744,11473465,0,5
Italy,ITA,2021-04-21,1104756,3559882,11712431,0,5
Italy,ITA,2021-04-22,1136096,3650182,11983227,0,293
Italy,ITA,2021-04-23,1167465,3745876,12253500,0,827
Italy,ITA,2021-04-24,1208140,3838672,12497315,0,3623
Italy,ITA,2021-04-25,1239849,3914273,12646588,0,12178
Italy,ITA,2021-04-26,1277437,3978224,12875201,0,21362
Italy,ITA,2021-04-27,1328372,4045078,13113078,0,28968
Italy,ITA,2021-04-28,1378830,4120234,13364819,0,36724
Italy,ITA,2021-04-29,1393231,4144511,13483090,0,39962
Latvia,LVA,2020-12-28,0,0,595,0,0
Latvia,LVA,2020-12-29,0,0,1468,0,0
Latvia,LVA,2020-12-30,0,0,2259,0,0
Latvia,LVA,2021-01-04,0,0,2958,0,0
Latvia,LVA,2021-01-05,0,0,3847,0,0
Latvia,LVA,2021-01-06,0,0,4623,0,0
Latvia,LVA,2021-01-07,0,0,5432,0,0
Latvia,LVA,2021-01-08,0,0,6338,0,0
Latvia,LVA,2021-01-09,0,0,6643,0,0
Latvia,LVA,2021-01-10,0,0,6979,0,0
Latvia,LVA,2021-01-11,0,0,8346,0,0
Latvia,LVA,2021-01-12,0,0,9973,0,0
Latvia,LVA,2021-01-13,130,0,11356,0,0
Latvia,LVA,2021-01-14,552,0,12756,0,0
Latvia,LVA,2021-01-15,913,0,14269,0,0
Latvia,LVA,2021-01-16,943,0,14907,0,0
Latvia,LVA,2021-01-17,943,0,15024,0,0
Latvia,LVA,2021-01-18,1087,0,15724,0,0
Latvia,LVA,2021-01-19,1148,0,16539,0,0
Latvia,LVA,2021-01-20,1158,0,17299,0,0
Latvia,LVA,2021-01-21,1158,0,17578,0,0
Latvia,LVA,2021-01-22,1178,0,17773,0,0
Latvia,LVA,2021-01-23,1178,0,17899,0,0
Latvia,LVA,2021-01-25,1178,0,18566,0,0
Latvia,LVA,2021-01-26,1189,0,19403,0,0
Latvia,LVA,2021-01-27,1189,0,20221,0,0
Latvia,LVA,2021-01-28,1189,0,21002,0,0
Latvia,LVA,2021-01-29,1200,0,21953,0,0
Latvia,LVA,2021-01-30,1200,0,22261,0,0
Latvia,LVA,2021-01-31,1200,0,22595,0,0
Latvia,LVA,2021-02-01,1200,0,23782,0,0
Latvia,LVA,2021-02-02,1320,1,25472,0,0
Latvia,LVA,2021-02-03,1540,1,26874,0,0
Latvia,LVA,2021-02-04,1651,1,28266,0,0
Latvia,LVA,2021-02-05,1741,1,29843,0,0
Latvia,LVA,2021-02-06,1741,1,30410,0,0
Latvia,LVA,2021-02-07,1741,1,30535,0,0
Latvia,LVA,2021-02-08,1781,1,30906,0,0
Latvia,LVA,2021-02-09,1801,21,31050,0,0
Latvia,LVA,2021-02-10,1928,436,31136,0,0
Latvia,LVA,2021-02-11,2309,1529,31444,0,0
Latvia,LVA,2021-02-12,2648,2693,31670,0,0
Latvia,LVA,2021-02-13,2698,2915,31799,0,0
Latvia,LVA,2021-02-14,2718,2916,31799,0,0
Latvia,LVA,2021-02-15,2869,3612,31826,0,0
Latvia,LVA,2021-02-16,3088,4756,31844,0,0
Latvia,LVA,2021-02-17,3220,6463,31998,0,0
Latvia,LVA,2021-02-18,3458,7714,32057,0,0
Latvia,LVA,2021-02-19,3666,8801,32113,0,0
Latvia,LVA,2021-02-20,3685,9553,32113,0,0
Latvia,LVA,2021-02-21,3685,10361,32113,0,0
Latvia,LVA,2021-02-22,3929,11870,32145,0,0
Latvia,LVA,2021-02-23,4150,14003,32172,0,0
Latvia,LVA,2021-02-24,4301,18127,32211,0,0
Latvia,LVA,2021-02-25,4561,21955,32301,0,0
Latvia,LVA,2021-02-26,4775,24974,32432,0,0
Latvia,LVA,2021-02-27,5095,25232,32441,0,0
Latvia,LVA,2021-02-28,5096,25362,32441,0,0
Latvia,LVA,2021-03-01,5478,26497,32682,0,0
Latvia,LVA,2021-03-02,6203,27627,33006,0,0
Latvia,LVA,2021-03-03,6952,30328,33655,0,0
Latvia,LVA,2021-03-04,7479,35244,34180,0,0
Latvia,LVA,2021-03-05,7955,39227,34529,0,0
Latvia,LVA,2021-03-06,8039,39912,34530,0,0
Latvia,LVA,2021-03-07,8039,39991,34530,0,0
Latvia,LVA,2021-03-08,8301,41422,34530,0,0
Latvia,LVA,2021-03-09,8657,43173,34769,0,0
Latvia,LVA,2021-03-10,8937,44791,35331,0,0
Latvia,LVA,2021-03-11,9092,47125,35475,0,0
Latvia,LVA,2021-03-12,9225,51878,35516,0,0
Latvia,LVA,2021-03-13,9295,52710,35516,0,0
Latvia,LVA,2021-03-14,9295,52782,35516,0,0
Latvia,LVA,2021-03-15,9396,56402,35516,0,0
Latvia,LVA,2021-03-16,9558,56406,35526,0,0
Latvia,LVA,2021-03-17,9718,56407,35532,0,0
Latvia,LVA,2021-03-18,9938,56408,35585,0,0
Latvia,LVA,2021-03-19,10231,56721,35679,0,0
Latvia,LVA,2021-03-20,10281,57071,35679,0,0
Latvia,LVA,2021-03-21,10281,57095,35679,0,0
Latvia,LVA,2021-03-22,10886,59095,35679,0,0
Latvia,LVA,2021-03-23,12083,63154,35872,0,0
Latvia,LVA,2021-03-24,13552,67243,36412,0,0
Latvia,LVA,2021-03-25,15157,70514,36892,0,0
Latvia,LVA,2021-03-26,16815,72391,37339,0,0
Latvia,LVA,2021-03-27,17217,72552,37339,0,0
Latvia,LVA,2021-03-28,17217,72580,37339,0,0
Latvia,LVA,2021-03-29,18239,73660,37339,0,0
Latvia,LVA,2021-03-30,19532,76387,38316,0,0
Latvia,LVA,2021-03-31,20872,79061,40000,0,0
Latvia,LVA,2021-04-01,22348,81073,40622,0,0
Latvia,LVA,2021-04-02,22590,81392,40623,0,0
Latvia,LVA,2021-04-03,22742,84453,40758,0,0
Latvia,LVA,2021-04-04,22750,86066,40758,0,0
Latvia,LVA,2021-04-05,22881,88789,40758,0,0
Latvia,LVA,2021-04-06,24600,92381,40808,0,0
Latvia,LVA,2021-04-07,26970,99019,40928,0,0
Latvia,LVA,2021-04-08,28946,103605,41386,0,0
Latvia,LVA,2021-04-09,30345,106719,41680,0,0
Latvia,LVA,2021-04-10,30497,108145,41727,0,0
Latvia,LVA,2021-04-11,30497,108231,41727,0,0
Latvia,LVA,2021-04-12,31056,109664,42137,0,0
Latvia,LVA,2021-04-13,31934,111221,43361,0,0
Latvia,LVA,2021-04-14,33796,113241,45763,0,0
Latvia,LVA,2021-04-15,35596,115071,48029,0,0
Latvia,LVA,2021-04-16,36455,119733,51388,0,0
Latvia,LVA,2021-04-17,36666,124869,52198,0,0
Latvia,LVA,2021-04-18,36763,125253,52636,0,0
Latvia,LVA,2021-04-19,38067,126065,54362,0,0
Latvia,LVA,2021-04-20,41971,127024,56739,0,0
Latvia,LVA,2021-04-21,47275,128330,60132,0,0
Latvia,LVA,2021-04-22,53096,129163,63135,0,0
Latvia,LVA,2021-04-23,57033,130282,68005,0,0
Latvia,LVA,2021-04-24,57348,130930,71599,0,0
Latvia,LVA,2021-04-25,57568,131008,72663,0,0
Latvia,LVA,2021-04-26,59567,132269,73333,0,0
Latvia,LVA,2021-04-27,62760,134073,74846,0,15
Latvia,LVA,2021-04-28,66370,136401,79988,0,46
Lithuania,LTU,2020-12-27,0,0,2421,0,0
Lithuania,LTU,2020-12-28,0,0,5209,0,0
Lithuania,LTU,2020-12-29,0,0,8182,0,0
Lithuania,LTU,2020-12-30,0,0,9714,0,0
Lithuania,LTU,2020-12-31,0,0,9739,0,0
Lithuania,LTU,2021-01-04,0,0,9741,0,0
Lithuania,LTU,2021-01-05,0,0,10364,0,0
Lithuania,LTU,2021-01-06,0,0,13864,0,0
Lithuania,LTU,2021-01-07,0,0,18034,0,0
Lithuania,LTU,2021-01-08,0,0,23212,0,0
Lithuania,LTU,2021-01-09,0,0,23516,0,0
Lithuania,LTU,2021-01-10,0,0,23519,0,0
Lithuania,LTU,2021-01-11,0,0,25725,0,0
Lithuania,LTU,2021-01-12,0,0,27813,0,0
Lithuania,LTU,2021-01-13,163,0,33903,0,0
Lithuania,LTU,2021-01-14,471,0,42237,0,0
Lithuania,LTU,2021-01-15,1041,0,48955,0,0
Lithuania,LTU,2021-01-16,1041,0,50060,0,0
Lithuania,LTU,2021-01-17,1042,0,51191,0,0
Lithuania,LTU,2021-01-18,1578,0,55178,0,0
Lithuania,LTU,2021-01-19,2074,0,60968,0,0
Lithuania,LTU,2021-01-20,2312,0,64204,0,0
Lithuania,LTU,2021-01-21,2372,0,65693,0,0
Lithuania,LTU,2021-01-22,2372,0,66086,0,0
Lithuania,LTU,2021-01-23,2372,0,66094,0,0
Lithuania,LTU,2021-01-25,2372,0,66196,0,0
Lithuania,LTU,2021-01-26,2372,0,69345,0,0
Lithuania,LTU,2021-01-27,2372,0,76248,0,0
Lithuania,LTU,2021-01-28,2372,0,83330,0,0
Lithuania,LTU,2021-01-29,2372,0,91407,0,0
Lithuania,LTU,2021-01-30,2372,0,92051,0,0
Lithuania,LTU,2021-01-31,2372,0,92059,0,0
Lithuania,LTU,2021-02-01,2372,0,94943,0,0
Lithuania,LTU,2021-02-02,2694,1,98532,0,0
Lithuania,LTU,2021-02-03,3324,1,104701,0,0
Lithuania,LTU,2021-02-04,3888,2,114001,0,0
Lithuania,LTU,2021-02-05,4033,2,121165,0,0
Lithuania,LTU,2021-02-06,4033,2,121892,0,0
Lithuania,LTU,2021-02-07,4033,2,121989,0,0
Lithuania,LTU,2021-02-08,4121,2,124564,0,0
Lithuania,LTU,2021-02-09,4362,301,126878,0,0
Lithuania,LTU,2021-02-10,4673,3025,129995,0,0
Lithuania,LTU,2021-02-11,5105,5522,136131,0,0
Lithuania,LTU,2021-02-12,5724,7457,140862,0,0
Lithuania,LTU,2021-02-13,5729,7766,140994,0,0
Lithuania,LTU,2021-02-15,6980,9612,142544,0,0
Lithuania,LTU,2021-02-16,6980,9612,143051,0,0
Lithuania,LTU,2021-02-17,8333,10586,149006,0,0
Lithuania,LTU,2021-02-18,8868,12061,158324,0,0
Lithuania,LTU,2021-02-19,9345,14828,165549,0,0
Lithuania,LTU,2021-02-20,9345,15133,166253,0,0
Lithuania,LTU,2021-02-22,9513,17204,169489,0,0
Lithuania,LTU,2021-02-23,9925,19209,175727,0,0
Lithuania,LTU,2021-02-24,10058,21914,184595,0,0
Lithuania,LTU,2021-02-25,10769,26025,191635,0,0
Lithuania,LTU,2021-02-26,12274,30288,195867,0,0
Lithuania,LTU,2021-02-27,12274,30845,196009,0,0
Lithuania,LTU,2021-02-28,12274,31219,196060,0,0
Lithuania,LTU,2021-03-01,15758,34019,197334,0,0
Lithuania,LTU,2021-03-02,17645,35688,203111,0,0
Lithuania,LTU,2021-03-03,19444,38819,210162,0,0
Lithuania,LTU,2021-03-04,20510,42307,221045,0,0
Lithuania,LTU,2021-03-05,21091,46604,230134,0,0
Lithuania,LTU,2021-03-06,21179,46867,230409,0,0
Lithuania,LTU,2021-03-07,21179,46867,230410,0,0
Lithuania,LTU,2021-03-08,21661,53552,232139,0,0
Lithuania,LTU,2021-03-09,22625,56308,240308,0,0
Lithuania,LTU,2021-03-10,22818,62349,249704,0,0
Lithuania,LTU,2021-03-11,22818,62705,250484,0,0
Lithuania,LTU,2021-03-12,23072,68921,261935,0,0
Lithuania,LTU,2021-03-13,23072,69209,263393,0,0
Lithuania,LTU,2021-03-14,23072,69217,263409,0,0
Lithuania,LTU,2021-03-15,23172,74974,265594,0,0
Lithuania,LTU,2021-03-16,23374,78303,272262,0,0
Lithuania,LTU,2021-03-17,23480,78399,282596,0,0
Lithuania,LTU,2021-03-18,23611,78426,290817,0,0
Lithuania,LTU,2021-03-19,25821,78950,297330,0,0
Lithuania,LTU,2021-03-20,26355,78950,297530,0,0
Lithuania,LTU,2021-03-21,26357,78950,297560,0,0
Lithuania,LTU,2021-03-22,31152,81240,298677,0,0
Lithuania,LTU,2021-03-23,32709,84005,307197,0,0
Lithuania,LTU,2021-03-24,33824,88591,319084,0,0
Lithuania,LTU,2021-03-25,34829,93029,330559,0,0
Lithuania,LTU,2021-03-26,36453,98582,339784,0,0
Lithuania,LTU,2021-03-27,36529,101401,340034,0,0
Lithuania,LTU,2021-03-28,36529,101501,340118,0,0
Lithuania,LTU,2021-03-29,37950,106955,341105,0,0
Lithuania,LTU,2021-03-30,38132,109444,351253,0,0
Lithuania,LTU,2021-03-31,39567,111496,368441,0,0
Lithuania,LTU,2021-04-01,46789,114334,376594,0,0
Lithuania,LTU,2021-04-02,53286,119985,384170,0,0
Lithuania,LTU,2021-04-03,53479,127690,384932,0,0
Lithuania,LTU,2021-04-04,53479,130093,384938,0,0
Lithuania,LTU,2021-04-05,53489,133603,385132,0,0
Lithuania,LTU,2021-04-06,56153,144171,386565,0,0
Lithuania,LTU,2021-04-07,57405,154098,388106,0,0
Lithuania,LTU,2021-04-08,58787,156815,410831,0,0
Lithuania,LTU,2021-04-09,59216,162044,438568,0,0
Lithuania,LTU,2021-04-10,59292,166220,449900,0,0
Lithuania,LTU,2021-04-11,59346,166838,450943,0,0
Lithuania,LTU,2021-04-12,59640,170810,455405,0,0
Lithuania,LTU,2021-04-13,60042,173333,471217,0,0
Lithuania,LTU,2021-04-14,60264,174312,496534,0,0
Lithuania,LTU,2021-04-15,60510,177606,516085,0,0
Lithuania,LTU,2021-04-16,60777,183821,529980,0,0
Lithuania,LTU,2021-04-17,60809,184971,531259,0,0
Lithuania,LTU,2021-04-18,60809,185051,531263,0,0
Lithuania,LTU,2021-04-19,61238,189015,532682,0,0
Lithuania,LTU,2021-04-20,62985,190473,544701,0,0
Lithuania,LTU,2021-04-21,67120,191115,566510,0,0
Lithuania,LTU,2021-04-22,71029,193208,586546,0,0
Lithuania,LTU,2021-04-23,72485,201005,601801,0,1
Lithuania,LTU,2021-04-24,73834,202269,603717,0,1
Lithuania,LTU,2021-04-25,73835,202288,603961,0,1
Lithuania,LTU,2021-04-26,74597,206537,605034,0,1
Lithuania,LTU,2021-04-27,75030,207874,615088,0,1
Lithuania,LTU,2021-04-28,75565,208489,625985,0,62
Romania,ROU,2020-12-27,0,0,965,0,0
Romania,ROU,2020-12-28,0,0,2066,0,0
Romania,ROU,2020-12-29,0,0,2778,0,0
Romania,ROU,2020-12-30,0,0,5666,0,0
Romania,ROU,2020-12-31,0,0,10289,0,0
Romania,ROU,2021-01-01,0,0,11656,0,0
Romania,ROU,2021-01-02,0,0,13242,0,0
Romania,ROU,2021-01-03,0,0,13596,0,0
Romania,ROU,2021-01-04,0,0,25508,0,0
Romania,ROU,2021-01-05,0,0,41609,0,0
Romania,ROU,2021-01-06,0,0,58554,0,0
Romania,ROU,2021-01-07,0,0,76400,0,0
Romania,ROU,2021-01-08,0,0,92706,0,0
Romania,ROU,2021-01-09,0,0,102301,0,0
Romania,ROU,2021-01-10,0,0,108294,0,0
Romania,ROU,2021-01-11,0,0,125190,0,0
Romania,ROU,2021-01-12,0,0,140447,0,0
Romania,ROU,2021-01-13,0,0,154268,0,0
Romania,ROU,2021-01-14,0,0,168089,0,0
Romania,ROU,2021-01-15,0,0,184146,0,0
Romania,ROU,2021-01-16,0,0,196567,0,0
Romania,ROU,2021-01-17,0,0,204662,0,0
Romania,ROU,2021-01-18,0,0,234899,0,0
Romania,ROU,2021-01-19,0,0,269706,0,0
Romania,ROU,2021-01-20,0,0,308044,0,0
Romania,ROU,2021-01-21,0,0,347756,0,0
Romania,ROU,2021-01-22,0,0,385596,0,0
Romania,ROU,2021-01-23,0,0,418545,0,0
Romania,ROU,2021-01-24,0,0,445945,0,0
Romania,ROU,2021-01-25,0,0,484291,0,0
Romania,ROU,2021-01-26,0,0,528038,0,0
Romania,ROU,2021-01-27,0,0,570364,0,0
Romania,ROU,2021-01-28,0,0,609056,0,0
Romania,ROU,2021-01-29,0,0,646660,0,0
Romania,ROU,2021-01-30,0,0,672056,0,0
Romania,ROU,2021-01-31,0,0,691075,0,0
Romania,ROU,2021-02-01,0,0,720844,0,0
Romania,ROU,2021-02-02,0,0,748392,0,0
Romania,ROU,2021-02-03,0,0,771862,0,0
Romania,ROU,2021-02-04,6443,0,788012,0,0
Romania,ROU,2021-02-05,14944,0,806268,0,0
Romania,ROU,2021-02-06,23087,0,817385,0,0
Romania,ROU,2021-02-07,31026,0,824956,0,0
Romania,ROU,2021-02-08,35454,0,855554,0,0
Romania,ROU,2021-02-09,40399,0,889416,0,0
Romania,ROU,2021-02-10,44448,0,926179,0,0
Romania,ROU,2021-02-11,47769,0,961312,0,0
Romania,ROU,2021-02-12,51388,0,997068,0,0
Romania,ROU,2021-02-13,54855,0,1028900,0,0
Romania,ROU,2021-02-14,57881,0,1055753,0,0
Romania,ROU,2021-02-15,60916,6812,1083043,0,0
Romania,ROU,2021-02-16,63951,13624,1111098,0,0
Romania,ROU,2021-02-17,69323,22956,1139713,0,0
Romania,ROU,2021-02-18,71707,31858,1168247,0,0
Romania,ROU,2021-02-19,72378,41296,1196266,0,0
Romania,ROU,2021-02-20,72676,50440,1219748,0,0
Romania,ROU,2021-02-21,72791,58747,1239270,0,0
Romania,ROU,2021-02-22,72935,68534,1259204,0,0
Romania,ROU,2021-02-23,73010,78141,1278866,0,0
Romania,ROU,2021-02-24,73017,87871,1297346,0,0
Romania,ROU,2021-02-25,73020,98055,1307417,0,0
Romania,ROU,2021-02-26,73020,109339,1315258,0,0
Romania,ROU,2021-02-27,73020,119310,1320991,0,0
Romania,ROU,2021-02-28,73020,127371,1324066,0,0
Romania,ROU,2021-03-01,73020,136586,1347000,0,0
Romania,ROU,2021-03-02,73020,146051,1375693,0,0
Romania,ROU,2021-03-03,73020,154730,1405699,0,0
Romania,ROU,2021-03-04,79862,162337,1434988,0,0
Romania,ROU,2021-03-05,88224,170102,1466214,0,0
Romania,ROU,2021-03-06,96530,177516,1499132,0,0
Romania,ROU,2021-03-07,104227,184012,1530123,0,0
Romania,ROU,2021-03-08,108871,190326,1562623,0,0
Romania,ROU,2021-03-09,113813,197660,1598547,0,0
Romania,ROU,2021-03-10,117819,204910,1638693,0,0
Romania,ROU,2021-03-11,121218,211212,1678903,0,0
Romania,ROU,2021-03-12,124766,217059,1718894,0,0
Romania,ROU,2021-03-13,128144,222922,1758375,0,0
Romania,ROU,2021-03-14,131137,228280,1792723,0,0
Romania,ROU,2021-03-15,137600,235679,1828437,0,0
Romania,ROU,2021-03-16,149732,242742,1869226,0,0
Romania,ROU,2021-03-17,158781,249300,1907900,0,0
Romania,ROU,2021-03-18,165150,256243,1946513,0,0
Romania,ROU,2021-03-19,169966,263394,1984407,0,0
Romania,ROU,2021-03-20,174732,271485,2022454,0,0
Romania,ROU,2021-03-21,179154,279325,2054609,0,0
Romania,ROU,2021-03-22,183177,286648,2090459,0,0
Romania,ROU,2021-03-23,187546,294985,2135815,0,0
Romania,ROU,2021-03-24,191868,302969,2182617,0,0
Romania,ROU,2021-03-25,196122,310485,2229733,0,0
Romania,ROU,2021-03-26,200231,318056,2273184,0,0
Romania,ROU,2021-03-27,204969,326640,2318409,0,0
Romania,ROU,2021-03-28,209212,334912,2360607,0,0
Romania,ROU,2021-03-29,213039,342263,2401887,0,0
Romania,ROU,2021-03-30,217516,349827,2454264,0,0
Romania,ROU,2021-03-31,221682,356402,2501784,0,0
Romania,ROU,2021-04-01,226033,362660,2548790,0,0
Romania,ROU,2021-04-02,230533,368974,2595945,0,0
Romania,ROU,2021-04-03,235329,374819,2640729,0,0
Romania,ROU,2021-04-04,239724,379020,2680468,0,0
Romania,ROU,2021-04-05,243667,382996,2723919,0,0
Romania,ROU,2021-04-06,248385,386430,2770716,0,0
Romania,ROU,2021-04-07,253339,389001,2818530,0,0
Romania,ROU,2021-04-08,258603,391469,2867621,0,0
Romania,ROU,2021-04-09,263626,393982,2914374,0,0
Romania,ROU,2021-04-10,271279,397094,2965548,0,0
Romania,ROU,2021-04-11,278832,399252,3012825,0,0
Romania,ROU,2021-04-12,287423,407271,3059096,0,0
Romania,ROU,2021-04-13,296167,417067,3117146,0,0
Romania,ROU,2021-04-14,305182,426913,3178405,0,0
Romania,ROU,2021-04-15,314259,436165,3240132,0,0
Romania,ROU,2021-04-16,323062,446329,3300799,0,0
Romania,ROU,2021-04-17,332539,456172,3362657,0,0
Romania,ROU,2021-04-18,341162,464653,3417475,0,0
Romania,ROU,2021-04-19,349011,475051,3474495,0,0
Romania,ROU,2021-04-20,358891,485089,3543461,0,0
Romania,ROU,2021-04-21,369970,495208,3614041,0,0
Romania,ROU,2021-04-22,380592,505247,3680757,0,0
Romania,ROU,2021-04-23,390799,516765,3749432,0,0
Romania,ROU,2021-04-24,402275,526446,3817954,0,0
Romania,ROU,2021-04-25,411876,534300,3877603,0,0
Romania,ROU,2021-04-26,421055,543893,3939640,0,0
Romania,ROU,2021-04-27,430234,553486,4001677,0,0
Romania,ROU,2021-04-28,438905,562816,4067466,0,0
United States,USA,2021-01-12,3835859,0,5488697,0,0
United States,USA,2021-01-13,4249795,0,6025872,0,0
United States,USA,2021-01-15,5122662,0,7153268,0,0
United States,USA,2021-01-19,6828561,0,8874811,0,0
United States,USA,2021-01-20,7239750,0,9281063,0,0
United States,USA,2021-01-21,7724683,0,9817027,0,0
United States,USA,2021-01-22,8407909,0,10695066,0,0
United States,USA,2021-01-23,9061112,0,11471457,0,0
United States,USA,2021-01-24,9689497,0,12153536,0,0
United States,USA,2021-01-25,10084432,0,12551999,0,0
United States,USA,2021-01-26,10431466,0,13009981,0,0
United States,USA,2021-01-27,11001991,0,13550835,0,0
United States,USA,2021-01-28,11737592,0,14355980,0,0
United States,USA,2021-01-29,12619210,0,15164858,0,0
United States,USA,2021-01-30,13499942,0,15977015,0,0
United States,USA,2021-01-31,14246089,0,16775916,0,0
United States,USA,2021-02-01,14756609,0,17364398,0,0
United States,USA,2021-02-02,15006565,0,17672866,0,0
United States,USA,2021-02-03,15567188,0,18209204,0,0
United States,USA,2021-02-04,16260102,0,18841309,0,0
United States,USA,2021-02-05,17133644,0,19582865,0,0
United States,USA,2021-02-06,18336515,0,20598212,0,0
United States,USA,2021-02-07,19485089,0,21622193,0,0
United States,USA,2021-02-08,20066305,0,22247484,0,0
United States,USA,2021-02-09,20416765,0,22685406,0,0
United States,USA,2021-02-10,21189540,0,23475749,0,0
United States,USA,2021-02-11,22038088,0,24246868,0,0
United States,USA,2021-02-12,23111715,0,25192628,0,0
United States,USA,2021-02-13,24297615,0,26237417,0,0
United States,USA,2021-02-14,25505313,0,27271797,0,0
United States,USA,2021-02-16,26738383,0,28374410,0,0
United States,USA,2021-02-17,27287041,0,28886690,0,0
United States,USA,2021-02-18,28043413,0,29585627,0,0
United States,USA,2021-02-19,29044336,0,30431247,0,0
United States,USA,2021-02-20,29909492,0,31270062,0,0
United States,USA,2021-02-21,30747615,0,32232422,0,0
United States,USA,2021-02-22,31212925,0,32853883,0,0
United States,USA,2021-02-23,31569021,0,33352170,0,0
United States,USA,2021-02-24,32194245,0,34159027,0,0
United States,USA,2021-02-25,33066503,0,35095003,0,0
United States,USA,2021-02-26,34181226,0,36159403,0,0
United States,USA,2021-02-27,35422721,0,37269195,0,0
United States,USA,2021-02-28,36694414,0,38426567,0,0
United States,USA,2021-03-01,37522293,0,39262524,0,0
United States,USA,2021-03-02,38319678,0,40196532,0,0
United States,USA,2021-03-03,39248180,0,41175807,0,0
United States,USA,2021-03-04,40261524,0,42193285,0,0
United States,USA,2021-03-05,41507728,0,43373717,0,0
United States,USA,2021-03-06,42977312,0,44774584,0,0
United States,USA,2021-03-07,44195607,0,45932122,0,0
United States,USA,2021-03-08,44936695,0,46824290,0,208590
United States,USA,2021-03-09,45635740,0,47628226,0,308181
United States,USA,2021-03-10,46535646,0,48605159,0,458911
United States,USA,2021-03-11,47733656,0,49708920,0,638469
United States,USA,2021-03-12,49169578,0,50960400,0,873726
United States,USA,2021-03-13,51292130,0,53096054,0,1189207
United States,USA,2021-03-14,51951820,0,53708091,0,1273958
United States,USA,2021-03-15,52883263,0,54643581,0,1428465
United States,USA,2021-03-16,53647312,0,55393141,0,1569675
United States,USA,2021-03-17,54643195,0,56499018,0,1766131
United States,USA,2021-03-18,55811286,0,57876875,0,1911052
United States,USA,2021-03-19,56941640,0,59214724,0,2025349
United States,USA,2021-03-20,58294583,0,60849627,0,2163681
United States,USA,2021-03-21,59518840,0,62529418,0,2298614
United States,USA,2021-03-22,60275003,0,63693721,0,2406337
United States,USA,2021-03-23,60913292,0,64679659,0,2489153
United States,USA,2021-03-24,61719260,0,65995871,0,2622182
United States,USA,2021-03-25,62877755,0,67555076,0,2734367
United States,USA,2021-03-26,64313721,0,69368232,0,2863246
United States,USA,2021-03-27,65811340,0,71246219,0,2982453
United States,USA,2021-03-28,67249447,0,72981111,0,3090712
United States,USA,2021-03-29,68177850,0,74338025,0,3155418
United States,USA,2021-03-30,68858013,0,75386890,0,3215657
United States,USA,2021-03-31,69930956,0,76891912,0,3307113
United States,USA,2021-04-01,71338865,0,78717917,0,3429880
United States,USA,2021-04-02,72997571,0,80845236,0,3617377
United States,USA,2021-04-03,74713387,0,82986550,0,3840647
United States,USA,2021-04-04,76038933,0,84810406,0,4054089
United States,USA,2021-04-05,76791212,0,86041963,0,4204015
United States,USA,2021-04-06,77285350,0,86855993,0,4299901
United States,USA,2021-04-07,78315776,0,88463874,0,4544552
United States,USA,2021-04-08,79551820,0,90256586,0,4917225
United States,USA,2021-04-09,80944104,0,92355733,0,5382365
United States,USA,2021-04-10,82622178,0,94715143,0,5972101
United States,USA,2021-04-11,83847244,0,96586783,0,6453740
United States,USA,2021-04-12,84694388,0,97978125,0,6859877
United States,USA,2021-04-13,85435687,0,99453295,0,7233726
United States,USA,2021-04-14,86221076,0,100891617,0,7517671
United States,USA,2021-04-15,87539652,0,102877491,0,7736781
United States,USA,2021-04-16,89199649,0,105070417,0,7848027
United States,USA,2021-04-17,90718986,0,107083884,0,7902746
United States,USA,2021-04-18,92181455,0,109122092,0,7935549
United States,USA,2021-04-19,93002433,0,110461905,0,7949021
United States,USA,2021-04-20,93672874,0,111585824,0,7961251
United States,USA,2021-04-21,94684047,0,113104771,0,7993255
United States,USA,2021-04-22,95913701,0,114844028,0,8018365
United States,USA,2021-04-23,97353734,0,116754631,0,8040727
United States,USA,2021-04-24,98778973,0,118628496,0,8058239
United States,USA,2021-04-25,100031926,0,120373717,0,8079863
United States,USA,2021-04-26,100830533,0,121674501,0,8087269
United States,USA,2021-04-27,101463903,0,122669679,0,8097650
United States,USA,2021-04-28,102356935,0,123980028,0,8124392